year,cowID,herd,milkAUC,cowage,calvedate,nextcalvedate,preg,first21,precalveBW,precalveBCS,prebreedBW,prebreedBCS,breedBW,breedBCS,weanBW,weanBCS,prebreedBWchange,breedBWchange,weanBWchange,sire,calfbirth,calf30,calf60,calf90,calf120,calfwean,calfsex,qualitygrade,yieldgrade,livewt,hcw,rea,marb,bf,firstd,cdate,seasonyr,cowagen
2020,4008,March,860.3356933,6,78,79,1,1,536.145744,5,508.476632,5,464.024616,5.25,469.921312,4.75,-27.669112,-72.121128,-66.224432,D026,34.0194,63.049288,77.11064,108.86208,148.778176,230.424736,steer,1,2.68,584.629688888889,368.316704,88.8901448,542,1.15824,69,10,March2020,6
2020,4045,March,1372.741249,6,72,78,1,1,548.392728,5.5,497.136832,5,489.425768,5.625,486.250624,5,-51.255896,-58.96696,-62.142104,7162E,37.194544,76.657048,94.347136,131.54168,171.911368,262.629768,steer,1,2.7,596.8694730158729,376.027768,94.257876,531,1.38938,69,4,March2020,6
2020,4218,March,1048.074925,6,85,86,1,1,534.784968,5,516.187696,5,504.394304,5.125,478.53956,5,-18.597272,-30.390664,-56.245408,7058E,29.937072,52.616672,71.667536,101.604608,135.170416,206.837952,steer,1,3.13,555.8301968253968,350.173024,84.2707992,601,1.48082,69,17,March2020,6
2020,4224,March,1110.653032,6,81,.,0,.,628.22492,5,574.247472,5,585.587272,5.75,531.609824,4.75,-53.977448,-42.637648,-96.615096,7162E,39.916096,78.925008,96.161504,140.159928,181.4368,267.61928,steer,1,2.15,669.5881904761904,421.84056,100.1352836,552,.7874,69,13,March2020,6
2020,4251,March,1218.710141,6,81,77,1,1,588.762416,5,524.352352,5,542.949624,6,532.063416,5.25,-64.410064,-45.812792,-56.699,B179,30.390664,58.96696,77.564232,106.59412,146.963808,226.342408,heifer,.,.,.,.,.,.,.,69,13,March2020,6
2020,4253,March,1115.233139,6,78,78,1,1,509.837408,5,471.282088,5,434.541136,5.75,458.12792,5,-38.55532,-75.296272,-51.709488,7162E,37.194544,69.853168,83.91452,104.779752,159.664384,240.857352,steer,1,3.07,606.9492952380953,382.378056,92.161106,571,1.58496,69,10,March2020,6
2020,4263,March,894.6621705,6,71,93,1,1,589.6696,5.5,568.804368,5,584.226496,6,554.289424,5,-20.865232,-5.443104,-35.380176,B179,29.029888,61.688512,79.3786,104.779752,140.159928,217.72416,heifer,.,.,.,.,.,.,.,69,3,March2020,6
2020,4268,March,976.8842136,6,80,.,1,.,600.102216,5,531.156232,5.125,540.681664,5.5,503.940712,5,-68.945984,-59.420552,-96.161504,7058E,34.472992,64.410064,74.389088,112.944408,145.14944,234.053472,heifer,.,.,.,.,.,.,.,69,12,March2020,6
2020,4287,March,1038.949403,6,78,83,1,1,528.43468,5,490.332952,4.75,477.178784,5.375,469.014128,5,-38.101728,-51.255896,-59.420552,D026,36.740952,58.513368,75.749864,100.697424,132.902456,199.58048,heifer,.,.,.,.,.,.,.,69,10,March2020,6
2020,4288,March,1024.957195,6,85,77,1,1,464.478208,5,438.169872,5.5,429.551624,5.375,413.222312,5.25,-26.308336,-34.926584,-51.255896,7058E,28.122704,49.89512,63.956472,96.615096,136.984784,208.198728,steer,1,1.82,547.1903492063492,344.72992,100.5997988,400,1.04902,69,17,March2020,6
2020,4305,March,1126.714686,6,71,.,0,.,552.021464,5.5,496.68324,5.125,527.981088,6,487.157808,5.25,-55.338224,-24.040376,-64.863656,7109E,32.205032,68.945984,82.100152,118.841104,152.860504,232.692696,heifer,.,.,.,.,.,.,.,69,3,March2020,6
2020,4314,March,1151.630028,6,69,78,1,1,549.753504,5,503.940712,4.875,528.888272,5.5,506.208672,4.75,-45.812792,-20.865232,-43.544832,7109E,34.0194,75.296272,96.615096,134.263232,176.90088,266.258504,steer,1,2.94,627.1089396825398,395.078632,95.0836808,517,1.48336,69,1,March2020,6
2020,4354,March,872.2848443,6,81,84,1,1,535.692152,5,489.87936,4.625,479.446744,5,477.178784,5,-45.812792,-56.245408,-58.513368,7162E,31.75144,61.23492,75.749864,106.59412,137.891968,216.363384,heifer,.,.,.,.,.,.,.,69,13,March2020,6
2020,5001,March,1042.374612,5,72,72,1,1,555.6502,5,532.063416,4.75,518.455656,5.625,483.529072,5,-23.586784,-37.194544,-72.121128,7071E,36.28736,81.192968,99.336648,139.252744,176.90088,257.640256,heifer,.,.,.,.,.,.,.,69,4,March2020,5
2020,5023,March,955.5086017,5,86,86,1,1,527.073904,5,490.332952,5,485.34344,5.5,469.46772,4.75,-36.740952,-41.730464,-57.606184,D026,33.112216,57.606184,63.50288,108.408488,164.200304,242.67172,heifer,.,.,.,.,.,.,.,69,18,March2020,5
2020,5037,March,850.6136088,5,78,74,1,1,571.979512,5,527.981088,5.125,527.527496,5.875,508.476632,5.25,-43.998424,-44.452016,-63.50288,C171,38.55532,71.213944,86.636072,117.026736,156.942832,240.857352,steer,1,1.82,629.2689015873016,396.439408,106.5933352,431,.96266,69,10,March2020,5
2020,5044,March,987.2385015,5,77,98,1,0,493.961688,5,463.117432,5.125,449.963264,5.625,430.9124,5,-30.844256,-43.998424,-63.049288,7162E,27.21552,54.43104,73.028312,99.336648,131.995272,205.930768,heifer,.,.,.,.,.,.,.,69,9,March2020,5
2020,5060,March,774.4688938,5,88,.,0,.,467.653352,4.5,423.654928,4,449.509672,4.75,414.129496,4.5,-43.998424,-18.14368,-53.523856,7071E,37.194544,55.791816,69.853168,104.32616,138.799152,221.806488,steer,0,1.8,590.3895873015873,371.94544,101.1352816,388,.92202,69,20,March2020,5
2020,5101,March,1161.779062,5,83,104,1,0,564.72204,5,534.784968,4.625,530.249048,5.25,505.301488,4.5,-29.937072,-34.472992,-59.420552,C171,32.205032,58.96696,75.296272,113.851592,145.603032,232.692696,heifer,.,.,.,.,.,.,.,69,15,March2020,5
2020,5114,March,872.7526936,5,70,68,1,1,469.921312,5.5,445.427344,4.75,398.253776,5.125,439.530648,5,-24.493968,-71.667536,-30.390664,D026,36.28736,66.678024,94.347136,112.490816,147.4174,227.703184,steer,1,3.18,586.0696634920635,369.223888,86.12886,559,1.4732,69,2,March2020,5
2020,5124,March,1032.723017,5,82,78,1,1,493.508096,5,453.592,4.625,454.499184,5.5,443.159384,5,-39.916096,-39.008912,-50.348712,B179,33.565808,64.410064,78.471416,116.119552,140.61352,208.65232,steer,1,2.58,513.350946031746,323.411096,84.4385408,504,1.17348,69,14,March2020,5
2020,5182,March,995.0889525,5,77,85,1,1,598.287848,5.5,546.57836,5.375,580.144168,6,558.825344,6,-51.709488,-18.14368,-39.462504,C171,35.380176,63.956472,80.285784,108.408488,143.335072,219.99212,heifer,.,.,.,.,.,.,.,69,9,March2020,5
2020,5195,March,821.833078,5,82,79,1,1,537.50652,5,495.322464,5,504.847896,5.25,487.6114,5,-42.184056,-32.658624,-49.89512,C171,33.112216,62.142104,71.213944,106.59412,137.438376,206.38436,steer,.,.,.,.,.,.,.,69,14,March2020,5
2020,5213,March,722.1102005,5,76,88,1,1,528.888272,5,487.6114,4.5,510.744592,5.375,491.240136,4.75,-41.276872,-18.14368,-37.648136,C171,38.55532,66.224432,82.553744,111.583632,146.963808,223.167264,heifer,.,.,.,.,.,.,.,69,8,March2020,5
2020,5245,March,786.8294155,5,77,82,1,1,453.138408,5,400.068144,4.875,391.903488,5,391.903488,4.5,-53.070264,-61.23492,-61.23492,7058E,37.194544,69.853168,81.64656,107.047712,146.510216,228.156776,heifer,.,.,.,.,.,.,.,69,9,March2020,5
2020,5299,March,931.7867584,5,77,82,1,1,566.536408,5,493.961688,5,494.41528,5.75,522.084392,5.5,-72.57472,-72.121128,-44.452016,D026,40.82328,70.760352,84.821704,117.93392,156.035648,232.692696,steer,1,2.28,614.1491682539682,386.913976,96.9223868,600,1.01092,69,9,March2020,5
2020,6122,March,687.9331083,4,76,76,1,1,491.693728,5.5,458.581512,5.125,413.675904,5.625,459.942288,5,-33.112216,-78.017824,-31.75144,7162E,32.658624,57.152592,74.389088,92.532768,119.748288,191.869416,steer,1,3.38,530.6306412698412,334.297304,78.6191976,559,1.61036,69,8,March2020,4
2020,6126,March,799.4298044,4,72,78,1,1,551.567872,5.5,537.052928,5.25,539.77448,6,546.57836,5.5,-14.514944,-11.793392,-4.989512,7071E,29.48348,66.678024,81.64656,117.026736,150.138952,235.86784,heifer,.,.,.,.,.,.,.,69,4,March2020,4
2020,6164,March,898.4546161,4,82,80,1,1,510.291,5,464.9318,4.75,493.054504,5.25,469.46772,5,-45.3592,-17.236496,-40.82328,C171,34.472992,59.874144,78.471416,112.037224,150.592544,223.620856,steer,1,4.02,573.8298793650794,361.512824,78.4966172,727,1.96596,69,14,March2020,4
2020,6254,March,1045.954726,4,80,76,1,1,527.527496,6,479.446744,5.25,497.136832,5.75,507.115856,5,-48.080752,-30.390664,-20.41164,D026,38.101728,68.492392,80.285784,111.583632,145.603032,227.249592,heifer,.,.,.,.,.,.,.,69,12,March2020,4
2020,3711,May,968.7467904,7,139,139,1,1,508.02304,4.5,538.413704,5.75,468.560536,5.125,527.527496,5,30.390664,-39.462504,19.504456,D026,35.380176,92.532768,116.573144,146.056624,178.261656,213.641832,steer,1,3.4,659.3809523809524,415.41,96.2514204,504,1.83896,124,16,May2020,6
2020,3739,May,1110.713992,7,141,.,0,.,502.126344,5,504.847896,5.375,532.517008,5.875,503.033528,5.25,2.721552,30.390664,0.907184,7071E,34.926584,86.636072,111.583632,142.427888,179.16884,215.4562,steer,1,2.41,717.752380952381,452.184,104.5288232,449,1.02362,124,18,May2020,6
2020,3750,May,492.3461521,7,142,152,1,1,577.422616,5.5,601.462992,6.375,641.379088,6.125,601.916584,6,24.040376,63.956472,24.493968,D026,30.844256,57.606184,72.57472,74.389088,115.212368,146.056624,heifer,.,.,.,.,.,.,.,124,19,May2020,6
2020,3759,May,1183.197274,7,134,135,1,1,512.55896,4.5,522.991576,5.875,537.50652,5.75,503.48712,5,10.432616,24.94756,-9.07184,D026,34.0194,95.707912,119.294696,146.510216,179.622432,219.538528,heifer,.,.,.,.,.,.,.,124,11,May2020,6
2020,3789,May,750.8008053,7,138,138,1,1,552.475056,5,606.906096,5.875,615.070752,5.625,525.713128,5.25,54.43104,62.595696,-26.761928,C171,38.101728,93.893544,118.841104,145.14944,176.447288,223.620856,heifer,.,.,.,.,.,.,.,124,15,May2020,6
2020,4704,May,1096.881107,6,137,135,1,1,552.475056,4.75,634.575208,6.125,623.235408,6,591.93756,6,82.100152,70.760352,39.462504,D026,43.09124,99.79024,125.644984,153.314096,189.601456,218.631344,steer,1,2.58,655.0571428571429,412.686,97.290128,421,1.11252,124,14,May2020,6
2020,4744,May,844.3002645,6,144,141,1,1,570.165144,5.25,629.132104,6,645.915008,6,576.06184,5.75,58.96696,75.749864,5.896696,C171,38.55532,78.925008,104.32616,141.974296,178.261656,225.888816,heifer,.,.,.,.,.,.,.,124,21,May2020,6
2020,4748,May,826.888593,6,124,137,1,1,491.240136,4.5,610.988424,6,610.08124,6,491.240136,5,119.748288,118.841104,0,8147F,36.28736,107.501304,131.088088,164.653896,201.394848,236.775024,heifer,.,.,.,.,.,.,.,124,1,May2020,6
2020,4797,May,971.4805599,6,135,150,1,1,468.106944,5,523.89876,5.25,532.517008,5.25,489.87936,5,55.791816,64.410064,21.772416,C171,38.55532,98.883056,122.46984,157.396424,193.230192,228.156776,heifer,.,.,.,.,.,.,.,124,12,May2020,6
2020,4798,May,1125.239768,6,137,149,1,1,452.684816,5,526.620312,6,531.156232,6,439.530648,5,73.935496,78.471416,-13.154168,D026,28.576296,87.996848,87.996848,111.13004,138.34556,172.36496,heifer,.,.,.,.,.,.,.,124,14,May2020,6
2020,5602,May,1086.445039,5,126,150,1,1,484.889848,5,505.75508,5.625,508.476632,5.625,492.600912,5,20.865232,23.586784,7.711064,C171,30.390664,99.336648,122.923432,150.138952,183.251168,213.641832,heifer,.,.,.,.,.,.,.,124,3,May2020,5
2020,5612,May,871.3610093,5,147,149,1,1,447.695304,5.25,492.14732,5.5,524.805944,5.125,437.262688,4.75,44.452016,77.11064,-10.432616,7060E,39.008912,85.728888,112.944408,149.68536,191.415824,227.249592,steer,1,2.38,682.4412698412698,429.938,103.8449536,583,1.10998,124,24,May2020,5
2020,5639,May,913.5689724,5,143,.,1,.,467.653352,5,465.385392,5.875,463.117432,5.5,495.322464,5.5,-2.26796,-4.53592,27.669112,D026,33.112216,69.399576,92.532768,125.644984,165.107488,212.734648,steer,1,2.74,642.0857142857143,404.514,92.1030416,502,1.09728,124,20,May2020,5
2020,5704,May,994.8795314,5,127,135,1,1,559.278936,5,499.858384,6,521.6308,6,519.816432,5,-59.420552,-37.648136,-39.462504,7071E,32.658624,85.275296,110.222856,140.61352,174.63292,208.65232,heifer,.,.,.,.,.,.,.,124,4,May2020,5
2020,5707,May,1249.376444,5,132,148,1,1,494.41528,5.25,586.040864,5.625,549.299912,5.25,527.981088,6,91.625584,54.884632,33.565808,D026,30.390664,106.59412,136.0776,171.004184,215.4562,255.825888,steer,1,3.52,704.7809523809524,444.012,89.225628,555,1.4071600000000002,124,9,May2020,5
2020,5713,May,663.1180502,5,154,138,1,1,501.672752,5,528.888272,6,553.835832,6.125,517.09488,5.75,27.21552,52.16308,15.422128,8147F,32.658624,64.410064,86.18248,113.398,143.788664,179.16884,heifer,.,.,.,.,.,.,.,124,31,May2020,5
2020,5722,May,829.0231616,5,129,136,1,1,466.292576,5,530.249048,6,563.361264,6,463.571024,5.25,63.956472,97.068688,-2.721552,.,31.297848,94.347136,118.387512,151.046136,186.426312,216.363384,heifer,.,.,.,.,.,.,.,124,6,May2020,5
2020,5723,May,1037.144251,5,130,132,1,1,467.653352,5,481.714704,6,503.940712,6,491.240136,6,14.061352,36.28736,23.586784,7071E,32.205032,92.079176,115.212368,143.335072,179.622432,205.477176,heifer,.,.,.,.,.,.,.,124,7,May2020,5
2020,5729,May,899.8666271,5,138,140,1,1,450.870448,4.5,537.50652,5.5,541.588848,5.375,414.129496,6,86.636072,90.7184,-36.740952,D026,37.648136,95.707912,119.748288,148.324584,180.076024,210.013096,heifer,.,.,.,.,.,.,.,124,15,May2020,5
2020,5730,May,1021.992297,5,134,137,1,1,510.744592,5,456.313552,5.5,488.064992,5.25,529.795456,6,-54.43104,-22.6796,19.050864,7071E,40.82328,95.25432,122.46984,150.592544,185.97272,222.26008,steer,1,2.45,742.9746031746032,468.074,107.13526960000002,725,1.05664,124,11,May2020,5
2020,5736,May,847.2061095,5,139,.,0,.,567.897184,5,576.06184,6,554.743016,5.75,577.422616,6,8.164656,-13.154168,9.525432,D026,34.926584,77.11064,101.604608,124.7378,156.035648,180.529616,heifer,.,.,.,.,.,.,.,124,16,May2020,5
2020,5758,May,1029.583738,5,132,144,1,1,526.620312,5.25,555.6502,6,565.175632,5.875,528.43468,5.75,29.029888,38.55532,1.814368,C171,39.462504,90.7184,111.583632,142.88148,174.179328,209.105912,steer,1,2.23,678.8380952380952,427.668,113.1997736,481,1.4224,124,9,May2020,5
2020,5761,May,923.9665788,5,143,155,1,0,457.220736,5,516.641288,5.5,508.930224,5.875,488.518584,5,59.420552,51.709488,31.297848,7071E,37.194544,80.739376,102.511792,132.902456,172.818552,206.38436,steer,1,2.57,684.6031746031746,431.3,104.4643072,532,1.3284200000000002,124,20,May2020,5
2020,5770,May,902.2410075,5,138,131,1,1,506.662264,5,562.907672,6,566.082816,6,535.692152,5.5,56.245408,59.420552,29.029888,7071E,35.380176,86.636072,112.037224,136.0776,171.457776,200.487664,heifer,.,.,.,.,.,.,.,124,15,May2020,5
2020,5795,May,878.9060256,5,136,145,1,1,497.590424,4.5,523.445168,5.875,538.867296,5.75,503.033528,5.5,25.854744,41.276872,5.443104,C171,39.462504,94.800728,120.655472,151.046136,184.611944,215.4562,steer,1,2.15,717.752380952381,452.184,111.2771968,489,1.08204,124,13,May2020,5
2020,6601,May,774.5535658,4,143,148,1,1,362.420008,5,384.192424,5,386.913976,5,366.955928,4.75,21.772416,24.493968,4.53592,7071E,29.937072,69.399576,92.079176,121.562656,150.592544,183.70476,steer,1,1.55,606.7746031746033,382.268,106.322368,516,.7874,124,20,May2020,4
2020,6751,May,1024.026998,4,135,126,1,1,441.345016,5,459.942288,6,472.189272,5.75,425.015704,5,18.597272,30.844256,-16.329312,D026,32.205032,83.460928,106.140528,131.995272,163.746712,198.219704,heifer,.,.,.,.,.,.,.,124,12,May2020,4
2020,6760,May,900.7913683,4,125,135,1,1,457.220736,5,486.250624,6,503.940712,5.75,459.035104,5,29.029888,46.719976,1.814368,7162E,35.833768,51.255896,74.84268,100.243832,133.80964,171.911368,steer,1,1.41,559.2126984126986,352.30400000000003,96.999806,467,.41402,124,2,May2020,4
2020,6780,May,873.7485947,4,144,156,1,0,446.334528,5,481.261112,5,501.672752,5.25,464.478208,5.25,34.926584,55.338224,18.14368,7060E,40.369688,85.275296,110.222856,141.067112,175.540104,209.559504,steer,1,1.8,657.2190476190476,414.048,108.4901056,429,.92456,124,21,May2020,4
2020,6791,May,490.6927997,4,132,.,0,.,441.345016,5,477.632376,5.75,497.136832,5.5,480.80752,6,36.28736,55.791816,39.462504,D026,38.55532,67.131616,83.91452,102.965384,125.191392,146.510216,steer,1,2.32,585.1555555555556,368.648,87.8643404,417,.7747,124,9,May2020,4
2021,5001,March,1151.747199,6,72,.,1,.,530.70264,4.75,465.838984,5.375,542.04244,5.75,501.21916,5,-64.863656,11.3398,-29.48348,7092E,33.112216,72.57472,101.604608,136.531192,179.622432,276.69112,heifer,.,.,.,.,.,.,.,71,2,March2021,6
2021,5023,March,1403.048506,6,86,.,1,.,508.02304,5,433.633952,5,514.82692,5.75,474.00364,5,-74.389088,6.80388,-34.0194,C171,35.380176,63.956472,89.811216,125.644984,168.736224,277.598304,steer,.,.,.,.,.,.,.,71,16,March2021,6
2021,5204,March,1268.354362,6,74,.,1,.,489.87936,4.75,427.283664,5.125,532.9706,5.75,496.68324,6,-62.595696,43.09124,6.80388,7071E,29.029888,65.317248,94.347136,129.27372,169.189816,263.08336,heifer,.,.,.,.,.,.,.,71,4,March2021,6
2021,5250,March,1108.844199,6,71,.,1,.,505.75508,4.5,421.386968,5,501.21916,5.75,485.34344,5.5,-84.368112,-4.53592,-20.41164,7071E,36.28736,68.492392,94.347136,127.912944,162.839528,257.640256,heifer,.,.,.,.,.,.,.,71,1,March2021,6
2021,6016,March,1207.071815,5,75,.,1,.,505.75508,5,441.345016,5.75,494.41528,5.875,483.07548,6,-64.410064,-11.3398,-22.6796,9126G,33.565808,59.874144,92.98636,132.902456,175.086512,279.412672,heifer,.,.,.,.,.,.,.,71,5,March2021,5
2021,6076,March,1156.330746,5,72,.,1,.,557.91816,5,474.910824,4.875,562.45408,5.625,530.70264,5.5,-83.007336,4.53592,-27.21552,8040F,35.833768,72.121128,99.336648,136.0776,179.16884,293.927616,steer,.,.,.,.,.,.,.,71,2,March2021,5
2021,6117,March,971.3151049,5,73,.,1,.,407.325616,4.5,338.379632,4.25,421.84056,5.25,400.068144,5,-68.945984,14.514944,-7.257472,9126G,32.205032,54.884632,79.3786,107.501304,146.510216,238.589392,heifer,.,.,.,.,.,.,.,71,3,March2021,5
2021,6122,March,1075.548279,5,76,.,1,.,464.9318,5,422.294152,5.5,489.87936,5.875,494.41528,6,-42.637648,24.94756,29.48348,7092E,29.937072,59.874144,87.543256,125.644984,170.097,246.754048,steer,.,.,.,.,.,.,.,71,6,March2021,5
2021,6164,March,1081.376936,5,80,.,1,.,498.9512,4.25,439.530648,4.75,514.82692,5.625,503.48712,5.25,-59.420552,15.87572,4.53592,7092E,32.658624,56.699,83.460928,113.851592,157.850016,288.484512,steer,.,.,.,.,.,.,.,71,10,March2021,5
2021,6179,March,1300.180645,5,79,.,1,.,503.48712,5.5,454.045592,5.875,512.55896,5.875,512.55896,6,-49.441528,9.07184,9.07184,7071E,26.761928,79.3786,106.59412,138.34556,179.622432,262.176176,steer,.,.,.,.,.,.,.,71,9,March2021,5
2021,6254,March,748.9144114,5,76,.,1,.,542.04244,6,443.612976,5.5,532.9706,5.875,512.55896,6,-98.429464,-9.07184,-29.48348,7092E,44.905608,66.678024,98.429464,136.531192,176.447288,285.76296,steer,.,.,.,.,.,.,.,71,6,March2021,5
2021,6311,March,1040.109136,5,80,.,1,.,503.48712,5.25,433.633952,5.25,514.82692,5.5,492.14732,5.5,-69.853168,11.3398,-11.3398,7071E,36.28736,68.0388,93.439952,134.263232,178.715248,272.1552,heifer,.,.,.,.,.,.,.,71,10,March2021,5
2021,6336,March,1169.471306,5,78,.,1,.,566.99,5.75,503.940712,5.75,580.59776,6,532.9706,6,-63.049288,13.60776,-34.0194,9126G,32.658624,55.791816,78.017824,109.315672,146.056624,286.670144,steer,.,.,.,.,.,.,.,71,8,March2021,5
2021,7102,March,847.3597511,4,73,.,1,.,480.80752,5.25,413.675904,5.125,478.53956,5.75,474.00364,5.5,-67.131616,-2.26796,-6.80388,.,29.937072,51.255896,77.11064,108.86208,144.695848,244.93968,steer,.,.,.,.,.,.,.,71,3,March2021,4
2021,7123,March,1547.571989,4,83,.,1,.,464.9318,5.75,394.62504,5.375,448.148896,5.875,414.583088,5.25,-70.30676,-16.782904,-50.348712,9227G,28.122704,50.802304,75.749864,109.315672,144.242256,238.589392,heifer,.,.,.,.,.,.,.,71,13,March2021,4
2021,7135,March,1155.645822,4,80,.,1,.,467.19976,5,417.758232,5.625,458.12792,5.75,455.85996,6,-49.441528,-9.07184,-11.3398,9227G,26.308336,71.213944,95.25432,141.067112,191.415824,241.310944,steer,.,.,.,.,.,.,.,71,10,March2021,4
2021,7140,March,1539.2894,4,81,.,1,.,492.14732,5.25,398.253776,5.5,467.19976,5.25,458.12792,5,-93.893544,-24.94756,-34.0194,9052G,39.462504,62.142104,89.811216,125.191392,159.210792,302.999456,heifer,.,.,.,.,.,.,.,71,11,March2021,4
2021,7142,March,1169.475842,4,87,.,1,.,514.82692,5.75,415.490272,5,467.19976,5.25,452.684816,4.75,-99.336648,-47.62716,-62.142104,9227G,33.112216,63.956472,90.7184,129.727312,170.097,252.197152,steer,.,.,.,.,.,.,.,71,17,March2021,4
2021,7157,March,1244.184712,4,87,.,1,.,489.87936,4.75,393.264264,4.75,432.726768,5.375,437.262688,4.5,-96.615096,-57.152592,-52.616672,9052G,36.28736,72.57472,93.439952,130.634496,175.540104,270.340832,steer,.,.,.,.,.,.,.,71,17,March2021,4
2021,7166,March,1280.812266,4,79,.,1,.,489.87936,5.5,418.211824,4.875,471.73568,5.25,437.262688,5,-71.667536,-18.14368,-52.616672,7162E,34.472992,63.956472,89.811216,125.644984,170.097,270.340832,heifer,.,.,.,.,.,.,.,71,9,March2021,4
2021,7170,March,1331.253965,4,88,.,0,.,441.798608,5.25,367.40952,4.75,411.861536,5,400.068144,5,-74.389088,-29.937072,-41.730464,7060E,36.740952,62.142104,93.893544,127.459352,170.550592,275.783936,heifer,.,.,.,.,.,.,.,71,18,March2021,4
2021,7190,March,1145.748444,4,89,.,0,.,478.53956,5,382.831648,4.75,441.798608,4.875,393.717856,4.5,-95.707912,-36.740952,-84.821704,7162E,38.55532,63.049288,86.636072,120.20188,157.396424,274.876752,steer,.,.,.,.,.,.,.,71,19,March2021,4
2021,7220,March,1165.658865,4,84,.,1,.,471.73568,5,403.243288,6,467.19976,5.875,437.262688,5.5,-68.492392,-4.53592,-34.472992,7162E,34.472992,63.50288,85.728888,121.562656,158.303608,239.496576,steer,.,.,.,.,.,.,.,71,14,March2021,4
2021,7230,March,1022.287506,4,87,.,1,.,560.18612,5.75,479.900336,5.375,548.84632,6,551.11428,6,-80.285784,-11.3398,-9.07184,7060E,44.905608,58.96696,80.739376,113.851592,141.974296,256.733072,steer,.,.,.,.,.,.,.,71,17,March2021,4
2021,7266,March,776.8375349,4,80,.,1,.,489.87936,5,438.169872,6,498.9512,5.875,496.68324,6,-51.709488,9.07184,6.80388,9052G,31.75144,49.441528,68.0388,89.357624,120.20188,212.734648,heifer,.,.,.,.,.,.,.,71,10,March2021,4
2021,7298,March,1069.12088,4,79,.,1,.,446.334528,4.5,389.181936,4.5,432.726768,5.125,429.098032,5,-57.152592,-13.60776,-17.236496,9227G,29.029888,56.245408,85.728888,118.387512,157.850016,241.310944,heifer,.,.,.,.,.,.,.,71,9,March2021,4
2021,7317,March,1257.125692,4,78,.,1,.,480.80752,5.5,371.94544,5.125,425.469296,5.5,410.954352,4.75,-108.86208,-55.338224,-69.853168,7162E,34.472992,68.492392,95.25432,131.088088,166.921856,257.640256,steer,.,.,.,.,.,.,.,71,8,March2021,4
2021,7318,March,1109.730972,4,88,.,1,.,494.41528,5,418.211824,5.125,483.07548,5.5,474.00364,5.25,-76.203456,-11.3398,-20.41164,7060E,34.0194,58.96696,79.3786,107.954896,150.592544,265.804912,heifer,.,.,.,.,.,.,.,71,18,March2021,4
2021,7331,March,1156.178792,4,91,.,1,.,420.026192,4.75,352.894576,4.75,419.119008,5.5,394.62504,4.75,-67.131616,-0.907184,-25.401152,9052G,36.28736,54.884632,72.57472,109.315672,151.95332,249.4756,heifer,.,.,.,.,.,.,.,71,21,March2021,4
2021,5612,May,1111.391118,6,149,.,0,.,487.6114,5.25,522.084392,6,508.02304,5.75,519.36284,5.5,34.472992,20.41164,31.75144,8040F,43.544832,87.996848,117.480328,146.510216,185.065536,238.589392,steer,.,.,.,.,.,.,.,126,24,May2021,6
2021,5713,May,1079.281341,6,138,.,1,.,523.89876,6,554.743016,6,576.06184,6,580.59776,6,30.844256,52.16308,56.699,8040F,29.937072,81.192968,108.408488,131.088088,169.189816,215.4562,heifer,.,.,.,.,.,.,.,126,13,May2021,6
2021,5723,May,1122.594841,6,132,.,1,.,487.6114,6,493.961688,6.125,505.75508,6,483.07548,5,6.350288,18.14368,-4.53592,8040F,33.565808,96.615096,125.191392,153.314096,190.055048,242.218128,heifer,.,.,.,.,.,.,.,126,7,May2021,6
2021,5729,May,977.8944569,6,140,.,1,.,505.75508,5.25,539.77448,6,546.57836,6,544.3104,6,34.0194,40.82328,38.55532,8040F,36.740952,89.357624,112.037224,132.902456,162.385936,215.002608,heifer,.,.,.,.,.,.,.,126,15,May2021,6
2021,5748,May,1313.622844,6,146,.,1,.,501.21916,6,527.527496,5.75,526.16672,5.75,532.9706,5,26.308336,24.94756,31.75144,7071E,44.905608,98.883056,134.716824,169.189816,213.641832,260.361808,steer,.,.,.,.,.,.,.,126,21,May2021,6
2021,5766,May,991.1211996,6,139,.,1,.,539.77448,5,617.792304,6.125,635.0288,6,637.29676,5.5,78.017824,95.25432,97.52228,9020G,35.833768,83.460928,106.140528,133.356048,167.82904,215.4562,heifer,.,.,.,.,.,.,.,126,14,May2021,6
2021,5798,May,840.4447411,6,145,.,1,.,569.25796,6,601.0094,6.375,610.08124,6.25,598.74144,6,31.75144,40.82328,29.48348,9187G,36.740952,78.925008,102.511792,131.995272,174.179328,229.517552,steer,.,.,.,.,.,.,.,126,20,May2021,6
2021,6601,May,1046.046655,5,148,.,1,.,381.01728,5.25,404.150472,5.5,389.181936,5.125,390.996304,4.75,23.133192,8.164656,9.979024,8040F,30.390664,69.399576,90.264808,114.305184,147.4174,198.673296,steer,.,.,.,.,.,.,.,126,23,May2021,5
2021,6604,May,1104.659813,5,135,.,1,.,390.08912,4.75,436.809096,5.375,440.891424,5.125,438.169872,4.5,46.719976,50.802304,48.080752,7071E,29.029888,85.275296,112.037224,138.799152,169.643408,210.92028,heifer,.,.,.,.,.,.,.,126,10,May2021,5
2021,6708,May,796.9974314,5,142,.,1,.,589.6696,6,638.203944,6.25,632.76084,6.125,653.17248,5.75,48.534344,43.09124,63.50288,7071E,43.544832,95.707912,125.644984,159.210792,198.673296,254.918704,steer,.,.,.,.,.,.,.,126,17,May2021,5
2021,6718,May,829.0187586,5,139,.,1,.,439.077056,4.75,494.41528,5.5,420.933376,5.5,455.85996,5,55.338224,-18.14368,16.782904,9187G,33.565808,87.089664,112.037224,139.252744,179.622432,220.899304,steer,.,.,.,.,.,.,.,126,14,May2021,5
2021,6726,May,966.7995966,5,129,.,1,.,404.604064,5,452.231224,5.875,458.12792,5.75,449.05608,5.25,47.62716,53.523856,44.452016,7071E,29.937072,92.532768,111.583632,138.34556,172.36496,210.466688,heifer,.,.,.,.,.,.,.,126,4,May2021,5
2021,6742,May,953.0807065,5,142,.,1,.,535.23856,6,572.433104,6.25,562.45408,5.75,564.72204,5.5,37.194544,27.21552,29.48348,9020G,32.205032,79.3786,106.59412,128.366536,166.468264,215.4562,heifer,.,.,.,.,.,.,.,126,17,May2021,5
2021,6751,May,1138.892401,5,126,.,1,.,431.819584,5,461.303064,5.75,469.46772,5.5,460.39588,5,29.48348,37.648136,28.576296,8040F,27.21552,92.079176,117.026736,140.159928,176.447288,227.703184,heifer,.,.,.,.,.,.,.,126,1,May2021,5
2021,6760,May,1230.127896,5,135,.,1,.,478.53956,5,492.600912,6,485.34344,5.5,508.02304,5,14.061352,6.80388,29.48348,8040F,35.833768,98.883056,122.923432,143.335072,183.251168,244.93968,steer,.,.,.,.,.,.,.,126,10,May2021,5
2021,6774,May,1134.195456,5,134,.,1,.,402.789696,4.5,436.809096,5.625,423.654928,5.375,439.98424,5,34.0194,20.865232,37.194544,7071E,32.205032,94.347136,124.7378,149.231768,186.879904,234.960656,steer,.,.,.,.,.,.,.,126,9,May2021,5
2021,6780,May,1278.449052,5,156,.,0,.,440.891424,4.5,523.89876,6,508.02304,5.625,505.75508,5,83.007336,67.131616,64.863656,8040F,39.916096,78.017824,108.408488,135.624008,179.16884,231.33192,steer,.,.,.,.,.,.,.,126,31,May2021,5
2021,7012,May,1169.373784,4,127,.,1,.,487.6114,5,559.732528,6,553.38224,5.75,576.06184,4.75,72.121128,65.77084,88.45044,0029X,29.029888,91.171992,115.212368,140.61352,173.272144,218.631344,heifer,.,.,.,.,.,.,.,126,2,May2021,4
2021,7039,May,1244.166569,4,143,.,1,.,443.612976,5.5,496.68324,6,471.73568,5.875,492.14732,5.25,53.070264,28.122704,48.534344,0029X,34.0194,79.3786,101.151016,128.820128,167.82904,208.198728,heifer,.,.,.,.,.,.,.,126,18,May2021,4
2021,7067,May,1057.672218,4,139,.,1,.,467.19976,5,452.684816,5.125,452.684816,4.75,447.241712,4.25,-14.514944,-14.514944,-19.958048,0029X,36.28736,97.975872,130.180904,155.582056,196.858928,242.218128,steer,.,.,.,.,.,.,.,126,14,May2021,4
2021,7629,May,639.510289,4,154,.,1,.,435.44832,5,474.910824,6,464.9318,5.5,487.6114,5,39.462504,29.48348,52.16308,7060E,34.926584,66.678024,90.264808,116.573144,151.046136,195.04456,steer,.,.,.,.,.,.,.,126,29,May2021,4
2021,7632,May,1036.632353,4,140,.,1,.,430.9124,5.25,435.44832,5.5,428.190848,5.375,427.283664,5.25,4.53592,-2.721552,-3.628736,0029X,38.101728,90.7184,118.841104,144.695848,185.97272,216.363384,steer,.,.,.,.,.,.,.,126,15,May2021,4
2021,7701,May,1132.333461,4,146,.,1,.,478.53956,5.5,503.940712,6,492.14732,5.625,508.02304,5,25.401152,13.60776,29.48348,7060E,38.101728,87.089664,115.66596,143.335072,186.426312,235.86784,heifer,.,.,.,.,.,.,.,126,21,May2021,4
2021,7708,May,1234.368981,4,137,.,1,.,441.798608,4.5,551.567872,6,548.84632,5.75,564.72204,5.25,109.769264,107.047712,122.923432,0029X,24.493968,69.853168,94.800728,121.109064,153.314096,207.291544,heifer,.,.,.,.,.,.,.,126,12,May2021,4
2021,7719,May,844.132444,4,155,.,1,.,576.06184,6,638.203944,6.25,644.10064,6.25,614.61716,6,62.142104,68.0388,38.55532,7060E,37.648136,76.657048,98.883056,126.098576,170.550592,233.146288,steer,.,.,.,.,.,.,.,126,30,May2021,4
2021,7727,May,1365.11234,4,129,.,1,.,476.2716,6,532.9706,6.125,532.9706,5.875,553.38224,5.5,56.699,56.699,77.11064,0029X,29.48348,91.171992,118.387512,146.056624,182.797576,222.713672,steer,.,.,.,.,.,.,.,126,4,May2021,4
2021,7733,May,972.5874305,4,154,.,1,.,430.005216,6,461.756656,6,443.612976,5.875,430.9124,5,31.75144,13.60776,0.907184,7060E,35.380176,71.667536,93.893544,122.923432,166.014672,216.363384,steer,.,.,.,.,.,.,.,126,29,May2021,4
2021,7749,May,1088.824916,4,140,.,1,.,532.9706,5.5,549.753504,6,542.04244,5.75,539.77448,5.5,16.782904,9.07184,6.80388,0029X,36.28736,90.7184,118.387512,145.14944,184.158352,235.86784,steer,.,.,.,.,.,.,.,126,15,May2021,4
2021,7789,May,1024.135893,4,131,.,1,.,373.759808,4.25,463.117432,5.625,458.12792,5.5,462.66384,5,89.357624,84.368112,88.904032,0029X,26.761928,82.100152,106.59412,132.902456,166.014672,227.703184,heifer,.,.,.,.,.,.,.,126,6,May2021,4
